"Firstname","Lastname","Username","Email","GroupName"
"Denzel","Washington","denzel_washington","denzel.washington@bank.com","test_group"
"Idris","Elba","idris.elba","idris.elba@bank.com","test_group"
"Scott","Summers","scott.summers","scott.summers@bank.com","test_group"
